https://www.linkedin.com/in/hafiza-saman-riaz-6a907619b?miniProfileUrn=urn%3Ali%3Afs_miniProfile%3AACoAAC7RU2EBKwvPMOZMBzMXG7wnxskIgIz9rSA,,,
https://www.linkedin.com/in/haroon-ahmed-mirza-b36435108?miniProfileUrn=urn%3Ali%3Afs_miniProfile%3AACoAABsdyxoBtORWzTCH9Nb-RQ9taIuxqiSqEpk,,,
https://www.linkedin.com/in/syed-s-b26b141b2?miniProfileUrn=urn%3Ali%3Afs_miniProfile%3AACoAADGklk4BXcF-_cneeWaMLl-NPFrOpcAaIPw,,,
https://www.linkedin.com/in/muhammadalisafdar?miniProfileUrn=urn%3Ali%3Afs_miniProfile%3AACoAAAn_SDcBYuikYzackm1sOK46d6fjpPRHtdM,,,
https://www.linkedin.com/in/haroon-ahmed-mirza-b36435108?miniProfileUrn=urn%3Ali%3Afs_miniProfile%3AACoAABsdyxoBtORWzTCH9Nb-RQ9taIuxqiSqEpk,,164,10 comments
https://www.linkedin.com/in/hafiza-saman-riaz-6a907619b?miniProfileUrn=urn%3Ali%3Afs_miniProfile%3AACoAAC7RU2EBKwvPMOZMBzMXG7wnxskIgIz9rSA,Hafiza Saman Riaz,188,7 comments
https://www.linkedin.com/in/the-muhammad-abdullah?miniProfileUrn=urn%3Ali%3Afs_miniProfile%3AACoAADbr66kBR4_1ylxdijpr5r6WUxZyeo2SiPs,Muhammad Abdullah,,
https://www.linkedin.com/in/haroon-ahmed-mirza-b36435108?miniProfileUrn=urn%3Ali%3Afs_miniProfile%3AACoAABsdyxoBtORWzTCH9Nb-RQ9taIuxqiSqEpk,Haroon Ahmed Mirza,478,16 comments
https://www.linkedin.com/in/haroon-ahmed-mirza-b36435108?miniProfileUrn=urn%3Ali%3Afs_miniProfile%3AACoAABsdyxoBtORWzTCH9Nb-RQ9taIuxqiSqEpk,Haroon Ahmed Mirza,298,6 comments
https://www.linkedin.com/in/haroon-ahmed-mirza-b36435108?miniProfileUrn=urn%3Ali%3Afs_miniProfile%3AACoAABsdyxoBtORWzTCH9Nb-RQ9taIuxqiSqEpk,Haroon Ahmed Mirza,"1,405",69 comments
,,,
https://www.linkedin.com/in/hafiza-saman-riaz-6a907619b?miniProfileUrn=urn%3Ali%3Afs_miniProfile%3AACoAAC7RU2EBKwvPMOZMBzMXG7wnxskIgIz9rSA,,,
https://www.linkedin.com/in/haroon-ahmed-mirza-b36435108?miniProfileUrn=urn%3Ali%3Afs_miniProfile%3AACoAABsdyxoBtORWzTCH9Nb-RQ9taIuxqiSqEpk,,,
https://www.linkedin.com/in/syed-s-b26b141b2?miniProfileUrn=urn%3Ali%3Afs_miniProfile%3AACoAADGklk4BXcF-_cneeWaMLl-NPFrOpcAaIPw,,,
https://www.linkedin.com/in/muhammadalisafdar?miniProfileUrn=urn%3Ali%3Afs_miniProfile%3AACoAAAn_SDcBYuikYzackm1sOK46d6fjpPRHtdM,,,
https://www.linkedin.com/in/haroon-ahmed-mirza-b36435108?miniProfileUrn=urn%3Ali%3Afs_miniProfile%3AACoAABsdyxoBtORWzTCH9Nb-RQ9taIuxqiSqEpk,,,
https://www.linkedin.com/in/hafiza-saman-riaz-6a907619b?miniProfileUrn=urn%3Ali%3Afs_miniProfile%3AACoAAC7RU2EBKwvPMOZMBzMXG7wnxskIgIz9rSA,,,
https://www.linkedin.com/in/the-muhammad-abdullah?miniProfileUrn=urn%3Ali%3Afs_miniProfile%3AACoAADbr66kBR4_1ylxdijpr5r6WUxZyeo2SiPs,,,
https://www.linkedin.com/in/haroon-ahmed-mirza-b36435108?miniProfileUrn=urn%3Ali%3Afs_miniProfile%3AACoAABsdyxoBtORWzTCH9Nb-RQ9taIuxqiSqEpk,,,
https://www.linkedin.com/in/haroon-ahmed-mirza-b36435108?miniProfileUrn=urn%3Ali%3Afs_miniProfile%3AACoAABsdyxoBtORWzTCH9Nb-RQ9taIuxqiSqEpk,,,
https://www.linkedin.com/in/haroon-ahmed-mirza-b36435108?miniProfileUrn=urn%3Ali%3Afs_miniProfile%3AACoAABsdyxoBtORWzTCH9Nb-RQ9taIuxqiSqEpk,,,
,,,
https://www.linkedin.com/in/hafiza-saman-riaz-6a907619b?miniProfileUrn=urn%3Ali%3Afs_miniProfile%3AACoAAC7RU2EBKwvPMOZMBzMXG7wnxskIgIz9rSA,Hafiza Saman Riaz,173,2 comments
https://www.linkedin.com/in/haroon-ahmed-mirza-b36435108?miniProfileUrn=urn%3Ali%3Afs_miniProfile%3AACoAABsdyxoBtORWzTCH9Nb-RQ9taIuxqiSqEpk,Haroon Ahmed Mirza,145,2 comments
https://www.linkedin.com/in/haroon-ahmed-mirza-b36435108?miniProfileUrn=urn%3Ali%3Afs_miniProfile%3AACoAABsdyxoBtORWzTCH9Nb-RQ9taIuxqiSqEpk,Haroon Ahmed Mirza,686,11 comments
https://www.linkedin.com/in/haroon-ahmed-mirza-b36435108?miniProfileUrn=urn%3Ali%3Afs_miniProfile%3AACoAABsdyxoBtORWzTCH9Nb-RQ9taIuxqiSqEpk,Haroon Ahmed Mirza,659,65 comments
https://www.linkedin.com/in/mareeha-ansari-80b521202?miniProfileUrn=urn%3Ali%3Afs_miniProfile%3AACoAADOwyUsBEQEkP5DZQwww7PT5G5r29zG4qKc,Mareeha Ansari,11,8 comments
https://www.linkedin.com/in/hafiza-saman-riaz-6a907619b?miniProfileUrn=urn%3Ali%3Afs_miniProfile%3AACoAAC7RU2EBKwvPMOZMBzMXG7wnxskIgIz9rSA,Hafiza Saman Riaz,505,14 comments
https://www.linkedin.com/in/rimsha-malik-80b570112?miniProfileUrn=urn%3Ali%3Afs_miniProfile%3AACoAABw0F4sBYqJLibX6819Cp9kFcap7h7dwaJA,Rimsha Malik,"1,413",82 comments
https://www.linkedin.com/in/haroon-ahmed-mirza-b36435108?miniProfileUrn=urn%3Ali%3Afs_miniProfile%3AACoAABsdyxoBtORWzTCH9Nb-RQ9taIuxqiSqEpk,Haroon Ahmed Mirza,657,57 comments
https://www.linkedin.com/in/rao-mujadid-69a8a5a0?miniProfileUrn=urn%3Ali%3Afs_miniProfile%3AACoAABV9L5YBPxLaSo-5VSz_R3knrOT9Mz778cg,Rao Mujadid,578,111 comments
https://www.linkedin.com/in/haroon-ahmed-mirza-b36435108?miniProfileUrn=urn%3Ali%3Afs_miniProfile%3AACoAABsdyxoBtORWzTCH9Nb-RQ9taIuxqiSqEpk,Haroon Ahmed Mirza,"5,468",116 comments
