https://m.jdsports.co.uk/product/black-adidas-originals-california-short-sleeve-t-shirt/19330604/,adidas Originals California Short Sleeve T-Shirt,19330604,"Refresh your staples with this men&#039;s California Short Sleeve T-Shirt from adidas Originals. In a Black colourway, this regular-fit tee is made from a soft and light cotton fabric for everyday comfort. It features a ribbed crew neckline with short sleeves for a classic look and is signed off with the Trefoil to the chest. Machine washable. | Our model is 5&#039;11&quot; with a 38&quot; chest and wears a size medium. | IB3787",20.0,http://schema.org/InStock,"https://i8.amplience.net/i/jpl/jd_628102_a?qlt=92&w=600&h=765&v=1&fmt=auto,https://i8.amplience.net/i/jpl/jd_628102_b?qlt=92&w=600&h=765&v=1&fmt=auto,https://i8.amplience.net/i/jpl/jd_628102_c?qlt=92&w=600&h=765&v=1&fmt=auto,https://i8.amplience.net/i/jpl/jd_628102_d?qlt=92&w=600&h=765&v=1&fmt=auto","XS,S,M,L,XL,XXL",black,
https://m.jdsports.co.uk/product/blue-levis-micro-batwing-stripe-t-shirt/19289269/,LEVI&#039;S Micro Batwing Stripe T-Shirt,19289269,"Freshen up your staples with this men&#039;s Micro Batwing Stripe T-Shirt from Levi&#039;s. In a Navy, Red and White colourway, this regular-fit top has a ribbed crew neckline and short sleeves for a tailored fit. It&#039;s made from soft cotton fabric for comfort that lasts. Finished up with a mini Levi&#039;s Batwing logo embroidered to the chest. Machine washable. | Our model is 6&#039;1&quot; with a 39&quot; chest and wears a size medium.",20.0,http://schema.org/InStock,"https://i8.amplience.net/i/jpl/jd_624755_a?qlt=92&w=600&h=765&v=1&fmt=auto,https://i8.amplience.net/i/jpl/jd_624755_b?qlt=92&w=600&h=765&v=1&fmt=auto,https://i8.amplience.net/i/jpl/jd_624755_c?qlt=92&w=600&h=765&v=1&fmt=auto,https://i8.amplience.net/i/jpl/jd_624755_d?qlt=92&w=600&h=765&v=1&fmt=auto","XS,S,M,L",blue,
https://m.jdsports.co.uk/product/blue-nike-fc-barcelona-202223-home-shorts/16500930/,Nike FC Barcelona 2022/23 Home Shorts,16500930,"Rep it like some of the best in European football with these men&#039;s FC Barcelona 2022/23 Home Shorts from Nike. In an Obsidian colourway, these slim-fit shorts are made recycled poly fabric, and feature an elasticated waistband with an internal drawcord for custom comfort. Equipped with sweat-wicking Dri-FIT tech for a cool and dry wear, these shorts are finished off with a Sesame Swoosh logo and the legendary FC Barcelona crest to each leg. Machine washable.",20.0,http://schema.org/InStock,"https://i8.amplience.net/i/jpl/jd_529501_b?qlt=92&w=600&h=765&v=1&fmt=auto,https://i8.amplience.net/i/jpl/jd_529501_c?qlt=92&w=600&h=765&v=1&fmt=auto,https://i8.amplience.net/i/jpl/jd_529501_d?qlt=92&w=600&h=765&v=1&fmt=auto,https://i8.amplience.net/i/jpl/jd_529501_a?qlt=92&w=600&h=765&v=1&fmt=auto,https://i8.amplience.net/i/jpl/jd_529501_e?qlt=92&w=600&h=765&v=1&fmt=auto,https://i8.amplience.net/i/jpl/jd_529501_f?qlt=92&w=600&h=765&v=1&fmt=auto",XXL,blue,
https://m.jdsports.co.uk/product/blue-vans-focus-on-balane-tie-dye-ss-tee/16712291/,Vans FOCUS ON BALANE TIE DYE SS TEE,16712291,Product DetailsOuter Material: 100% Cotton,21.0,http://schema.org/InStock,"https://i8.amplience.net/i/jpl/jd_VN0000M9BNX1_a?qlt=92&w=600&h=765&v=1&fmt=auto,https://i8.amplience.net/i/jpl/jd_VN0000M9BNX1_d?qlt=92&w=600&h=765&v=1&fmt=auto,https://i8.amplience.net/i/jpl/jd_VN0000M9BNX1_c?qlt=92&w=600&h=765&v=1&fmt=auto,https://i8.amplience.net/i/jpl/jd_VN0000M9BNX1_b?qlt=92&w=600&h=765&v=1&fmt=auto","XS,S,M",blue,
https://m.jdsports.co.uk/product/orange-the-north-face-recycled-66-classic-cap/19283692/,The North Face Recycled &#039;66 Classic Cap,19283692,"Level up your look with this Recycled &#039;66 Classic Cap from The North Face. Landing in an Orange colourway, this cap is cut from a recycled poly fabric that&#039;s lightweight and durable for lasting wear and comfort. It features a six-panel crown, eyelets for breathability and a curved brim for coverage. With an adjustable strap for a perfect fit, it&#039;s signed off with TNF branding to the front. Hand wash.",20.0,http://schema.org/InStock,"https://i8.amplience.net/i/jpl/jd_621471_d?qlt=92&w=600&h=765&v=1&fmt=auto,https://i8.amplience.net/i/jpl/jd_621471_b?qlt=92&w=600&h=765&v=1&fmt=auto,https://i8.amplience.net/i/jpl/jd_621471_c?qlt=92&w=600&h=765&v=1&fmt=auto,https://i8.amplience.net/i/jpl/jd_621471_e?qlt=92&w=600&h=765&v=1&fmt=auto,https://i8.amplience.net/i/jpl/jd_621471_a?qlt=92&w=600&h=765&v=1&fmt=auto",One Size,orange,
https://m.jdsports.co.uk/product/blue-levis-babytab-t-shirt/19371665/,Levi&#039;s Babytab T-Shirt,19371665,"Step up your tee game with this men&#039;s Babytab T-Shirt from Levi&#039;s. In a Light Blue colourway, this JD-exclusive tee is cut from soft cotton fabric for smooth comfort. It features short sleeves with a ribbed crew neckline and comes in a standard fit for an easy wear. Finished up with signature Levi&#039;s babytab branding to the chest. Machine washable | Our model is 6&#039;0&quot; with a 38&quot; chest and wears a size medium.",20.0,http://schema.org/InStock,"https://i8.amplience.net/i/jpl/jd_624714_a?qlt=92&w=600&h=765&v=1&fmt=auto,https://i8.amplience.net/i/jpl/jd_624714_e?qlt=92&w=600&h=765&v=1&fmt=auto,https://i8.amplience.net/i/jpl/jd_624714_c?qlt=92&w=600&h=765&v=1&fmt=auto,https://i8.amplience.net/i/jpl/jd_624714_d?qlt=92&w=600&h=765&v=1&fmt=auto,https://i8.amplience.net/i/jpl/jd_624714_b?qlt=92&w=600&h=765&v=1&fmt=auto","S,M,L,XL,XXL",blue,
https://m.jdsports.co.uk/product/white-adidas-celtic-fc-training-polo-shirt/16188623/,adidas Celtic FC Training Polo Shirt,16188623,"Support your side in this men&#039;s Celtic FC Training Polo Shirt from adidas. In a White colourway, this regular-fit polo is made from lightweight, poly-cotton fabric with adidas&#039; AEROREADY tech to wick away sweat. It features a two button placket with a henry collar, as well as short sleeves. With the iconic 3-Stripes, this polo shirt is finished with a Badge of Sport logo and the Celtic FC crest to the chest. Machine washable.|GM7363",25.0,http://schema.org/InStock,"https://i8.amplience.net/i/jpl/jd_445692_c?qlt=92&w=600&h=765&v=1&fmt=auto,https://i8.amplience.net/i/jpl/jd_445692_b?qlt=92&w=600&h=765&v=1&fmt=auto,https://i8.amplience.net/i/jpl/jd_445692_e?qlt=92&w=600&h=765&v=1&fmt=auto,https://i8.amplience.net/i/jpl/jd_445692_f?qlt=92&w=600&h=765&v=1&fmt=auto,https://i8.amplience.net/i/jpl/jd_445692_a?qlt=92&w=600&h=765&v=1&fmt=auto,https://i8.amplience.net/i/jpl/jd_445692_d?qlt=92&w=600&h=765&v=1&fmt=auto",XL,white,
https://m.jdsports.co.uk/product/blue-mckenzie-donte-2-track-pants/18462977/,McKenzie Donte 2 Track Pants,18462977,"Level up on comfort with these men&#039;s Donte 2 Track Pants from McKenzie. Exclusive to JD, these standard-fit pants are made from smooth and stretchy poly fabric in a Navy colourway. They feature tapered legs with branded taping to the sides, as well as an elasticated waistband for a custom fit. With side pockets, these tracker pants are finished up with McKenzie branding. Machine washable. | Our model is 5&#039;9&quot; and wears a size medium.",20.0,http://schema.org/InStock,"https://i8.amplience.net/i/jpl/jd_630774_d?qlt=92&w=600&h=765&v=1&fmt=auto,https://i8.amplience.net/i/jpl/jd_630774_a?qlt=92&w=600&h=765&v=1&fmt=auto,https://i8.amplience.net/i/jpl/jd_630774_c?qlt=92&w=600&h=765&v=1&fmt=auto,https://i8.amplience.net/i/jpl/jd_630774_b?qlt=92&w=600&h=765&v=1&fmt=auto,https://i8.amplience.net/i/jpl/jd_630774_e?qlt=92&w=600&h=765&v=1&fmt=auto","XS,S,M,L,XL,XXL,XXXL,XXXXL",blue,
https://m.jdsports.co.uk/product/grey-mckenzie-elevated-essential-overhead-hoodie/19200523/,McKenzie Elevated Essential Overhead Hoodie,19200523,"Upgrade your everyday layers with this men&#039;s Elevated Essential Overhead Hoodie from McKenzie. In a Castlerock colourway, this JD-exclusive pullover is made from a smooth cotton and poly blend, with stretchy ribbed trims for casual comfort. It has drawcord fastenings at the hood for custom coverage, as well as a kangaroo pocket to the front. Finished off with contrasting McKenzie branding printed to the chest. Machine washable. | Our model is 5&#039;11&quot; with a 38&quot; chest and wears a size medium.",20.0,http://schema.org/InStock,"https://i8.amplience.net/i/jpl/jd_630877_b?qlt=92&w=600&h=765&v=1&fmt=auto,https://i8.amplience.net/i/jpl/jd_630877_c?qlt=92&w=600&h=765&v=1&fmt=auto,https://i8.amplience.net/i/jpl/jd_630877_a?qlt=92&w=600&h=765&v=1&fmt=auto,https://i8.amplience.net/i/jpl/jd_630877_d?qlt=92&w=600&h=765&v=1&fmt=auto","XS,S,M,L,XL,XXL,XXXL",grey,
https://m.jdsports.co.uk/product/red-adidas-ajax-202122-training-pants/16167001/,adidas Ajax 2021/22 Training Pants,16167001,"Step to the pitch feeling like a pro in these men&#039;s Ajax 2021/22 Training Pants from adidas. In a red colourway with contrasting white 3-Stripes to the sides, these slim-fit pants feature side pockets, ankle zips for a tapered leg, and an adjustable drawcord waistband. Made from smooth Primegreen poly fabric with AEROREADY tech that wicks away sweat for cool comfort, these pants are finished with a Badge Of Sport logo and the legendary Ajax crest. Machine washable.|GT9568",20.0,http://schema.org/InStock,"https://i8.amplience.net/i/jpl/jd_445753_f?qlt=92&w=600&h=765&v=1&fmt=auto,https://i8.amplience.net/i/jpl/jd_445753_e?qlt=92&w=600&h=765&v=1&fmt=auto,https://i8.amplience.net/i/jpl/jd_445753_b?qlt=92&w=600&h=765&v=1&fmt=auto,https://i8.amplience.net/i/jpl/jd_445753_a?qlt=92&w=600&h=765&v=1&fmt=auto,https://i8.amplience.net/i/jpl/jd_445753_c?qlt=92&w=600&h=765&v=1&fmt=auto,https://i8.amplience.net/i/jpl/jd_445753_d?qlt=92&w=600&h=765&v=1&fmt=auto",XS,red,
https://m.jdsports.co.uk/product/white-polo-ralph-lauren-classic-sport-cap/15970830/,Polo Ralph Lauren Classic Sport Cap,15970830,"Level up your look with this Classic Cap from Polo Ralph Lauren. In a fresh white colourway, this cap is made from durable cotton canvas in a classic 6-panel design. It features a curved peak, breathable eyelets and an adjustable strapback fastening to the back for a custom fit. With &#039;Polo&#039; embroidered to the reverse, this cap is finished with the iconic Pony logo embroidered to the crown.",25.0,http://schema.org/InStock,"https://i8.amplience.net/i/jpl/jd_272929_c?qlt=92&w=600&h=765&v=1&fmt=auto,https://i8.amplience.net/i/jpl/jd_272929_d?qlt=92&w=600&h=765&v=1&fmt=auto,https://i8.amplience.net/i/jpl/jd_272929_e?qlt=92&w=600&h=765&v=1&fmt=auto,https://i8.amplience.net/i/jpl/jd_272929_a?qlt=92&w=600&h=765&v=1&fmt=auto,https://i8.amplience.net/i/jpl/jd_272929_b?qlt=92&w=600&h=765&v=1&fmt=auto",One Size,white,
https://m.jdsports.co.uk/product/black-mckenzie-oli-poly-track-pants/18462994/,McKenzie Oli Poly Track Pants,18462994,"Level up on comfort with these men&#039;s Oli Poly Track Pants from McKenzie. Exclusive to JD, these regular-fit pants are made from smooth poly fabric with added stretch for extra comfort. They come in a Black colourway and feature tapered legs, ribbed cuffs and an elasticated waistband for a custom fit. With branded taping to the thighs, these track pants are finished up with side pockets and a logo. Machine washable. | Our model is 6&#039;0&quot; and wears a size medium.",20.0,http://schema.org/InStock,"https://i8.amplience.net/i/jpl/jd_630852_a?qlt=92&w=600&h=765&v=1&fmt=auto,https://i8.amplience.net/i/jpl/jd_630852_c?qlt=92&w=600&h=765&v=1&fmt=auto,https://i8.amplience.net/i/jpl/jd_630852_b?qlt=92&w=600&h=765&v=1&fmt=auto,https://i8.amplience.net/i/jpl/jd_630852_d?qlt=92&w=600&h=765&v=1&fmt=auto","M,L,XL,XXL",black,
https://m.jdsports.co.uk/product/white-levis-micro-batwing-stripe-t-shirt/19555557/,LEVI&#039;S Micro Batwing Stripe T-Shirt,19555557,"Step up your everyday staples with this men&#039;s Micro Batwing Stripe T-Shirt from Levi&#039;s. In a White, Green and Blue striped colourway, this standard fit tee is cut from soft cotton fabric for everyday comfort. It features short sleeves with a ribbed crew neckline and is finished up with a small Batwing logo to the chest. Machine washable.",20.0,http://schema.org/InStock,"https://i8.amplience.net/i/jpl/jd_624796_d?qlt=92&w=600&h=765&v=1&fmt=auto,https://i8.amplience.net/i/jpl/jd_624796_a?qlt=92&w=600&h=765&v=1&fmt=auto,https://i8.amplience.net/i/jpl/jd_624796_b?qlt=92&w=600&h=765&v=1&fmt=auto,https://i8.amplience.net/i/jpl/jd_624796_e?qlt=92&w=600&h=765&v=1&fmt=auto,https://i8.amplience.net/i/jpl/jd_624796_c?qlt=92&w=600&h=765&v=1&fmt=auto","XS,S,M,L",white,
https://m.jdsports.co.uk/product/blue-mckenzie-essential-poly-track-pants/18462919/,McKenzie Essential Poly Track Pants,18462919,"Stock up on staples with these men&#039;s Essential Poly Track Pants from Mckenzie. Exclusive to JD, these standard-fit pants are made from smooth and stretchy poly fabric for everyday comfort. They come in a bold Blue colourway and feature an elasticated waistband for a relaxed fit, as well as ribbed cuffs for a secure feel. With side pockets for your essentials, these pants are finished up with signature McKenzie branding to the leg. Machine washable | Our model is 6&#039;0&quot; and wears a size medium._",20.0,http://schema.org/InStock,"https://i8.amplience.net/i/jpl/jd_630895_e?qlt=92&w=600&h=765&v=1&fmt=auto,https://i8.amplience.net/i/jpl/jd_630895_a?qlt=92&w=600&h=765&v=1&fmt=auto,https://i8.amplience.net/i/jpl/jd_630895_b?qlt=92&w=600&h=765&v=1&fmt=auto,https://i8.amplience.net/i/jpl/jd_630895_c?qlt=92&w=600&h=765&v=1&fmt=auto,https://i8.amplience.net/i/jpl/jd_630895_d?qlt=92&w=600&h=765&v=1&fmt=auto","S,M,L,XL",blue,
https://m.jdsports.co.uk/product/blue-puma-core-fleece-joggers/16606244/,Puma Core Fleece Joggers,16606244,"Bag yourself some chill day style with these men&#039;s Core Fleece Joggers from PUMA. In a Marina Blue colourway, these standard fit joggers are cut from soft, fleecey fabric for cosy comfort on laidback days. They have an elasticated waistband and adjustable drawcord for a relaxed fit, with ribbed cuffs for a secure feel and side pockets for your essentials. Finished up with signature PUMA branding to the leg. Machine washable | Our model is 6&#039;1&quot; and wears a size medium.",20.0,http://schema.org/InStock,"https://i8.amplience.net/i/jpl/jd_573209_c?qlt=92&w=600&h=765&v=1&fmt=auto,https://i8.amplience.net/i/jpl/jd_573209_b?qlt=92&w=600&h=765&v=1&fmt=auto,https://i8.amplience.net/i/jpl/jd_573209_a?qlt=92&w=600&h=765&v=1&fmt=auto,https://i8.amplience.net/i/jpl/jd_573209_d?qlt=92&w=600&h=765&v=1&fmt=auto","XS,S",blue,
https://m.jdsports.co.uk/product/white-adidas-originals-stripe-vest/19500087/,adidas Originals Stripe Vest,19500087,"Cop a basketball-inspired look with this men&#039;s Stripe Vest from adidas Originals. Exclusive to JD, this standard-fit vest lands in a White colourway with an all-over pinstripe design for a retro style. It features a ribbed crewneck and armholes for a classic look and is signed off with the Trefoil to the chest. Machine washable. | Our model is 6&#039;1&quot; with a 37.5&quot; chest and wears a size medium. | IB5411",20.0,http://schema.org/InStock,"https://i8.amplience.net/i/jpl/jd_644365_c?qlt=92&w=600&h=765&v=1&fmt=auto,https://i8.amplience.net/i/jpl/jd_644365_b?qlt=92&w=600&h=765&v=1&fmt=auto,https://i8.amplience.net/i/jpl/jd_644365_e?qlt=92&w=600&h=765&v=1&fmt=auto,https://i8.amplience.net/i/jpl/jd_644365_a?qlt=92&w=600&h=765&v=1&fmt=auto,https://i8.amplience.net/i/jpl/jd_644365_d?qlt=92&w=600&h=765&v=1&fmt=auto","XS,S,M,L,XL,XXL",white,
https://m.jdsports.co.uk/product/grey-mckenzie-elevated-essential-overhead-hoodie/18546149/,McKenzie Elevated Essential Overhead Hoodie,18546149,"Grab a fresh layer and keep comfy with this Elevated Essential Overhead Hoodie from McKenzie. In a Grey Marl colourway, this JD-exclusive hoodie is cut from soft fleece fabric for everyday comfort. It features an adjustable hood for custom coverage, with ribbed trims for a secure fit and a kangaroo pouch for your essentials. Finished up with signature McKenzie branding to the chest. Machine washable | Our model is 6&#039;1&quot; with a 36.5&quot; chest and wears a size medium.",20.0,http://schema.org/InStock,"https://i8.amplience.net/i/jpl/jd_630875_d?qlt=92&w=600&h=765&v=1&fmt=auto,https://i8.amplience.net/i/jpl/jd_630875_c?qlt=92&w=600&h=765&v=1&fmt=auto,https://i8.amplience.net/i/jpl/jd_630875_a?qlt=92&w=600&h=765&v=1&fmt=auto,https://i8.amplience.net/i/jpl/jd_630875_b?qlt=92&w=600&h=765&v=1&fmt=auto","XS,S,M,L,XL,XXL,XXXL,XXXXL",grey,
https://m.jdsports.co.uk/product/white-vans-our-legends-painter-cap/19281051/,Vans OUR LEGENDS PAINTER CAP,19281051,Product DetailsOuter Material: 100% Cotton,22.0,http://schema.org/InStock,"https://i8.amplience.net/i/jpl/jd_VN0008DHWHT1_b?qlt=92&w=600&h=765&v=1&fmt=auto,https://i8.amplience.net/i/jpl/jd_VN0008DHWHT1_a?qlt=92&w=600&h=765&v=1&fmt=auto",OS,white,
https://m.jdsports.co.uk/product/black-jordan-jumpman-lanyard/16508283/,Jordan Jumpman Lanyard,16508283,"Stay organised in style with this Jumpman Lanyard from Jordan. In a Black colourway, this lanyard is made from a durable poly fabric long-lasting use. It features a zippered compartment to keep your essentials secure and an adjustable strap for custom wear. Finished up with Jordan branding.",22.0,http://schema.org/InStock,"https://i8.amplience.net/i/jpl/jd_547188_c?qlt=92&w=600&h=765&v=1&fmt=auto,https://i8.amplience.net/i/jpl/jd_547188_f?qlt=92&w=600&h=765&v=1&fmt=auto,https://i8.amplience.net/i/jpl/jd_547188_d?qlt=92&w=600&h=765&v=1&fmt=auto,https://i8.amplience.net/i/jpl/jd_547188_b?qlt=92&w=600&h=765&v=1&fmt=auto,https://i8.amplience.net/i/jpl/jd_547188_e?qlt=92&w=600&h=765&v=1&fmt=auto,https://i8.amplience.net/i/jpl/jd_547188_a?qlt=92&w=600&h=765&v=1&fmt=auto",One Size,black,
https://m.jdsports.co.uk/product/grey-fila-skyshift-6/16535117/,Fila Skyshift 6,16535117,"Refresh your rotation with these men&#039;s Skyshift 6 trainers from Fila. Exclusive to JD, these sneaks are made with smooth, durable mesh in the upper for breathable wear. In a Grey, Black and White colourway, they have smooth synthetic overlays for added support, with a tonal lace closure and padding around the collar to lock you in. They sit on a lightweight midsole with plush foam cushioning for a comfy step, with a tough rubber outsole underfoot for grippy traction. Finished up with signature Fila branding throughout.",25.0,http://schema.org/InStock,"https://i8.amplience.net/i/jpl/jd_535132_f?qlt=92&w=600&h=425&v=1&fmt=auto,https://i8.amplience.net/i/jpl/jd_535132_a?qlt=92&w=600&h=425&v=1&fmt=auto,https://i8.amplience.net/i/jpl/jd_535132_c?qlt=92&w=600&h=425&v=1&fmt=auto,https://i8.amplience.net/i/jpl/jd_535132_d?qlt=92&w=600&h=425&v=1&fmt=auto,https://i8.amplience.net/i/jpl/jd_535132_e?qlt=92&w=600&h=425&v=1&fmt=auto,https://i8.amplience.net/i/jpl/jd_535132_b?qlt=92&w=600&h=425&v=1&fmt=auto",6,grey,
https://m.jdsports.co.uk/product/grey-mckenzie-essential-poly-track-pants/18435197/,McKenzie Essential Poly Track Pants,18435197,"Take your everyday style up a level with these men&#039;s Essential Poly Track Pants from Mckenzie. In a Grey Heather colourway, these JD-exclusive pants are cut from smooth, stretchy polyester for everyday comfort. They feature an elasticated waistband for a relaxed fit, with ribbed cuffs for a secure feel and side pockets for your essentials. Finished up with signature McKenzie branding to the leg. Machine washable | Our model is 6&#039;2&quot; with a 33&quot; chest and wears a size medium.",20.0,http://schema.org/InStock,"https://i8.amplience.net/i/jpl/jd_630894_b?qlt=92&w=600&h=765&v=1&fmt=auto,https://i8.amplience.net/i/jpl/jd_630894_d?qlt=92&w=600&h=765&v=1&fmt=auto,https://i8.amplience.net/i/jpl/jd_630894_a?qlt=92&w=600&h=765&v=1&fmt=auto,https://i8.amplience.net/i/jpl/jd_630894_c?qlt=92&w=600&h=765&v=1&fmt=auto","XS,S,M,L,XL,XXL,XXXL,XXXXL",grey,
https://m.jdsports.co.uk/product/black-adidas-belgium-training-shirt/16554963/,adidas Belgium Training Shirt,16554963,"Train like the Red Devils in this men&#039;s Belgium Training Shirt from adidas. In a Black colourway, this slim-fit shirt is cut from ultra-smooth, lightweight recycled poly fabric for lasting comfort. It&#039;s built with sweat-wicking AEROREADY tech and has mesh inserts for brethable wear, and features ribbed V-neckline and short sleeves for a classic look. Finished up with contrasting Red 3-Stripes on the sleeves, with adidas&#039; iconic Badge of Sport logo and Belgium&#039;s legendary team crest at the chest to sign off. Machine washable. | Our model is 5&#039;11&quot; with a 38&quot; chest and wears a size medium.|HE1451",20.0,http://schema.org/InStock,"https://i8.amplience.net/i/jpl/jd_565393_a?qlt=92&w=600&h=765&v=1&fmt=auto,https://i8.amplience.net/i/jpl/jd_565393_b?qlt=92&w=600&h=765&v=1&fmt=auto,https://i8.amplience.net/i/jpl/jd_565393_d?qlt=92&w=600&h=765&v=1&fmt=auto,https://i8.amplience.net/i/jpl/jd_565393_c?qlt=92&w=600&h=765&v=1&fmt=auto",S,black,
https://m.jdsports.co.uk/product/grey-mckenzie-donte-2-track-pants/18526988/,McKenzie Donte 2 Track Pants,18526988,"For laidback style on chill days, check out these men&#039;s Donte 2 Track Pants from McKenzie. In a Light Grey colourway, these JD-exclusive joggers are cut from soft, stretchy polyester fabric for everyday comfort. They feature an elasticated waistband for a relaxed fit, with ribbed cuffs so you can flex your creps and side pockets for your essentials. Finished up with signature McKenzie branding to the leg. Machine washable | Our model is 6&#039;1&quot; and wears a size medium.",20.0,http://schema.org/InStock,"https://i8.amplience.net/i/jpl/jd_630835_b?qlt=92&w=600&h=765&v=1&fmt=auto,https://i8.amplience.net/i/jpl/jd_630835_d?qlt=92&w=600&h=765&v=1&fmt=auto,https://i8.amplience.net/i/jpl/jd_630835_e?qlt=92&w=600&h=765&v=1&fmt=auto,https://i8.amplience.net/i/jpl/jd_630835_c?qlt=92&w=600&h=765&v=1&fmt=auto,https://i8.amplience.net/i/jpl/jd_630835_a?qlt=92&w=600&h=765&v=1&fmt=auto","M,L,XL,XXL",grey,
https://m.jdsports.co.uk/product/black-adidas-belgium-training-track-pants/16552374/,adidas Belgium Training Track Pants,16552374,"Finetune your skills and rep the Red Devils in these men&#039;s Belgium Training Track Pants from adidas. In a Black colourway, these slim-fit track pants are cut from smooth, durable recycled poly fabric for lasting comfort. They&#039;re equipped with sweat-wicking AEROREADY tech and breathable mesh panels for cool wear, and feature an elasticated drawcord waist for a custom fit. Slim, tapered legs deliver a streamlined feel, and zippered ankles offer easy on-off. With zip side pockets, they&#039;re finished up with adidas&#039; legendary 3-Stripes at the lower leg, and a Badge of Sport logo at the thigh. Signed off with the Belgium team crest. Machine washable.|HE1449",20.0,http://schema.org/InStock,"https://i8.amplience.net/i/jpl/jd_565392_a?qlt=92&w=600&h=765&v=1&fmt=auto,https://i8.amplience.net/i/jpl/jd_565392_d?qlt=92&w=600&h=765&v=1&fmt=auto,https://i8.amplience.net/i/jpl/jd_565392_c?qlt=92&w=600&h=765&v=1&fmt=auto,https://i8.amplience.net/i/jpl/jd_565392_e?qlt=92&w=600&h=765&v=1&fmt=auto,https://i8.amplience.net/i/jpl/jd_565392_b?qlt=92&w=600&h=765&v=1&fmt=auto","XS,S",black,
https://m.jdsports.co.uk/product/grey-under-armour-lock-up-woven-track-pants/16481065/,Under Armour Lock-Up Woven Track Pants,16481065,"From the gym to the streets, keep comfy in these men&#039;s Lock-Up Woven Track Pants from Under Armour. Exclusive to JD, these standard-fit pants are made from lightweight yet durable poly fabric in a Grey colourway. They feature an elasticated drawcord waist for custom comfort, as well as cuffed ankles and zippered pockets for your essentials. These pants are finished with signature UA branding to the thigh. Machine washable. | Our model is 6&#039;2&quot; and wears a size medium.",20.0,http://schema.org/OutOfStock,"https://i8.amplience.net/i/jpl/jd_510159_b?qlt=92&w=600&h=765&v=1&fmt=auto,https://i8.amplience.net/i/jpl/jd_510159_a?qlt=92&w=600&h=765&v=1&fmt=auto,https://i8.amplience.net/i/jpl/jd_510159_d?qlt=92&w=600&h=765&v=1&fmt=auto,https://i8.amplience.net/i/jpl/jd_510159_e?qlt=92&w=600&h=765&v=1&fmt=auto,https://i8.amplience.net/i/jpl/jd_510159_c?qlt=92&w=600&h=765&v=1&fmt=auto",L,grey,
https://m.jdsports.co.uk/product/white-adidas-originals-california-short-sleeve-t-shirt/19371688/,adidas Originals California Short Sleeve T-Shirt,19371688,"Refresh your staple rotation with this men&#039;s California Short Sleeve T-Shirt from adidas Originals. In a crip White colourway, this standard fit tee is cut from soft cotton fabric for smooth comfort. It features short sleeves with a ribbed crew neckline and is finished up with Trefoil branding to the chest and back. Machine washable | Our model is 6&#039;1&quot; with a 37.5&quot; chest and wears a size medium. | II3533",20.0,http://schema.org/InStock,"https://i8.amplience.net/i/jpl/jd_628098_d?qlt=92&w=600&h=765&v=1&fmt=auto,https://i8.amplience.net/i/jpl/jd_628098_a?qlt=92&w=600&h=765&v=1&fmt=auto,https://i8.amplience.net/i/jpl/jd_628098_b?qlt=92&w=600&h=765&v=1&fmt=auto,https://i8.amplience.net/i/jpl/jd_628098_e?qlt=92&w=600&h=765&v=1&fmt=auto,https://i8.amplience.net/i/jpl/jd_628098_c?qlt=92&w=600&h=765&v=1&fmt=auto","S,M,L,XL,XXL",white,
https://m.jdsports.co.uk/product/black-nike-nfl-munich-game-hoodie/16639791/,Nike NFL Munich Game Hoodie,16639791,"Get set Munich with this men&#039;s NFL Munich Game Hoodie from Nike. In a Black colourway, this relaxed-fit hoodie is made from Nike&#039;s Therma fleece fabric, which is soft and warm. It has an overhead design and features a central kangaroo pocket and an adjustable hood. With ribbed trims, this hoodie is finished up with a Swoosh logo and a shield to the chest with NFL branding and a Munich Game wordmark. Machine washable. | Our model is 6&#039;0&quot; with a 40&quot; chest and wears a size medium.",20.0,http://schema.org/InStock,"https://i8.amplience.net/i/jpl/jd_629173_c?qlt=92&w=600&h=765&v=1&fmt=auto,https://i8.amplience.net/i/jpl/jd_629173_d?qlt=92&w=600&h=765&v=1&fmt=auto,https://i8.amplience.net/i/jpl/jd_629173_a?qlt=92&w=600&h=765&v=1&fmt=auto,https://i8.amplience.net/i/jpl/jd_629173_e?qlt=92&w=600&h=765&v=1&fmt=auto,https://i8.amplience.net/i/jpl/jd_629173_b?qlt=92&w=600&h=765&v=1&fmt=auto",S,black,
https://m.jdsports.co.uk/product/pink-adidas-originals-3-stripes-california-t-shirt/19429586/,adidas Originals 3-Stripes California T-Shirt,19429586,"Refresh your rotation with this men&#039;s 3-Stripes California T-Shirt from adidas Originals. Coming in a True Pink colourway, this regular-fit tee is cut from a super-soft and light cotton fabric for all-day wear. It features a ribbed crew neckline with short sleeves for a classic look. With the famous 3-Stripes to the sleeves, it&#039;s finished with the Trefoil to the chest. Machine washable. | Our model is 5&#039;11&quot; with a 38&quot; chest and wears a size medium. | IP7152",20.0,http://schema.org/InStock,"https://i8.amplience.net/i/jpl/jd_637155_b?qlt=92&w=600&h=765&v=1&fmt=auto,https://i8.amplience.net/i/jpl/jd_637155_e?qlt=92&w=600&h=765&v=1&fmt=auto,https://i8.amplience.net/i/jpl/jd_637155_c?qlt=92&w=600&h=765&v=1&fmt=auto,https://i8.amplience.net/i/jpl/jd_637155_a?qlt=92&w=600&h=765&v=1&fmt=auto,https://i8.amplience.net/i/jpl/jd_637155_d?qlt=92&w=600&h=765&v=1&fmt=auto","M,L,XL",pink,
https://m.jdsports.co.uk/product/black-new-balance-as-roma-mid-layer-top/16576621/,New Balance AS Roma Mid Layer Top,16576621,"Take your training up a gear with this men&#039;s AS Roma Mid Layer Top from New Balance. In a Black colourway, this slim fit top features a 1/4 zip fastening for custom airflow and NB Dry tech to wick away moisture for cool comfort. Cut from a smooth and stretchy poly fabric for lightweight wear on the pitch, it&#039;s signed off with the NB logo and Roma badge to the chest. Machine washable. | Our model is 6&#039;0&quot; with a 40&quot; chest and wears a size medium.",20.0,http://schema.org/InStock,"https://i8.amplience.net/i/jpl/jd_535199_f?qlt=92&w=600&h=765&v=1&fmt=auto,https://i8.amplience.net/i/jpl/jd_535199_d?qlt=92&w=600&h=765&v=1&fmt=auto,https://i8.amplience.net/i/jpl/jd_535199_a?qlt=92&w=600&h=765&v=1&fmt=auto,https://i8.amplience.net/i/jpl/jd_535199_b?qlt=92&w=600&h=765&v=1&fmt=auto,https://i8.amplience.net/i/jpl/jd_535199_c?qlt=92&w=600&h=765&v=1&fmt=auto,https://i8.amplience.net/i/jpl/jd_535199_e?qlt=92&w=600&h=765&v=1&fmt=auto",XL,black,
https://m.jdsports.co.uk/product/pink-adidas-originals-california-swim-shorts/16141717/,adidas Originals California Swim Shorts,16141717,"Hit the pool in these men&#039;s California Swim Shorts from adidas Originals. In a Pink colourway, these regular-fit swim shorts are made from durable, quick-drying poly fabric. They feature an elasticated waistband with an adjustable draw cord for a custom fit, as well as adidas&#039; signature 3-Stripes in white to the sides. With side pockets, these swim shorts are finished with the iconic Trefoil logo to the leg. Machine washable. | Our model is 6&#039;0&quot; and wears a size medium.|HB8458",20.0,http://schema.org/InStock,"https://i8.amplience.net/i/jpl/jd_403365_b?qlt=92&w=600&h=765&v=1&fmt=auto,https://i8.amplience.net/i/jpl/jd_403365_d?qlt=92&w=600&h=765&v=1&fmt=auto,https://i8.amplience.net/i/jpl/jd_403365_c?qlt=92&w=600&h=765&v=1&fmt=auto,https://i8.amplience.net/i/jpl/jd_403365_a?qlt=92&w=600&h=765&v=1&fmt=auto","XS,S,M,L",pink,
https://m.jdsports.co.uk/product/blue-adidas-boca-juniors-training-track-pants/16548246/,adidas Boca Juniors Training Track Pants,16548246,"Level up your skills and rep your side in these men&#039;s Boca Juniors Training Track Pants from adidas. Coming in a Navy colourway, these slim-fit track pants are made with ultra-smooth, lightweight recycled poly fabric for lasting comfort. They&#039;re crafted with sweat-wicking AEROREADY tech with breathable mesh inserts to keep you cool, and feature an elasticated waistband with a drawcord for a custom fit. They have slim, tapered legs for a streamlined look, with ankle zips for easy on-off over boots. Finished up with contrast 3-Stripes down the legs and signature adidas branding, with the iconic Boca Junios crest at the thigh. Machine washable. | Our model is 6&#039;0&quot; and wears a size medium.|HC0995",20.0,http://schema.org/InStock,"https://i8.amplience.net/i/jpl/jd_552745_d?qlt=92&w=600&h=765&v=1&fmt=auto,https://i8.amplience.net/i/jpl/jd_552745_c?qlt=92&w=600&h=765&v=1&fmt=auto,https://i8.amplience.net/i/jpl/jd_552745_b?qlt=92&w=600&h=765&v=1&fmt=auto,https://i8.amplience.net/i/jpl/jd_552745_a?qlt=92&w=600&h=765&v=1&fmt=auto,https://i8.amplience.net/i/jpl/jd_552745_e?qlt=92&w=600&h=765&v=1&fmt=auto,https://i8.amplience.net/i/jpl/jd_552745_f?qlt=92&w=600&h=765&v=1&fmt=auto",XS,blue,
https://m.jdsports.co.uk/product/black-nike-academy-23-woven-track-top/18929230/,Nike Academy 23 Woven Track Top,18929230,"Be ready to ball in colder conditions with this men&#039;s Academy 23 Woven Track Top from Nike. Coming in a Black colourway, this regular-fit track top is made from durable poly fabric that&#039;s light and smooth for lasting comfort. It features sweat-wicking Dri-FIT tech to keep you cool, elastic cuffs to hold the shape and front pockets for storing your essentials. With a mesh lining for added breathability, it&#039;s finished with an embroidered Swoosh to the chest. Machine washable. | Our model is 6&#039;1&quot; with a 38&quot; chest and wears a size medium.",20.0,http://schema.org/InStock,"https://i8.amplience.net/i/jpl/jd_619801_a?qlt=92&w=600&h=765&v=1&fmt=auto,https://i8.amplience.net/i/jpl/jd_619801_e?qlt=92&w=600&h=765&v=1&fmt=auto,https://i8.amplience.net/i/jpl/jd_619801_b?qlt=92&w=600&h=765&v=1&fmt=auto,https://i8.amplience.net/i/jpl/jd_619801_d?qlt=92&w=600&h=765&v=1&fmt=auto,https://i8.amplience.net/i/jpl/jd_619801_c?qlt=92&w=600&h=765&v=1&fmt=auto","S,M",black,
https://m.jdsports.co.uk/product/green-reebok-core-vector-hoodie/16495575/,Reebok Core Vector Hoodie,16495575,"Grab a cosy staple for your rotation with this men&#039;s Core Vector Hoodie from Reebok. In a Forest Green colourway, this standard fit hoodie is cut from soft fleece fabric for snug comfort. It features an adjustable hood for custom coverage, with ribbed trims for a secure fit and a kangaroo pouch for quick and easy storage. Finished up with signature Reebok branding to the chest. Machine washable | Our model is 6&#039;0&quot; with a 40&quot; chest and wears a size medium.",20.0,http://schema.org/InStock,"https://i8.amplience.net/i/jpl/jd_598264_d?qlt=92&w=600&h=765&v=1&fmt=auto,https://i8.amplience.net/i/jpl/jd_598264_a?qlt=92&w=600&h=765&v=1&fmt=auto,https://i8.amplience.net/i/jpl/jd_598264_c?qlt=92&w=600&h=765&v=1&fmt=auto,https://i8.amplience.net/i/jpl/jd_598264_e?qlt=92&w=600&h=765&v=1&fmt=auto,https://i8.amplience.net/i/jpl/jd_598264_b?qlt=92&w=600&h=765&v=1&fmt=auto",M,green,
https://m.jdsports.co.uk/product/green-mckenzie-arrow-gilet/19270819/,McKenzie Arrow Gilet,19270819,"Add an essential to your wardrobe for when the colder days hit with this men&#039;s Arrow Gilet from McKenzie. In a Forest Night colourway, this regular-fit gilet is made using a smooth poly fabric that&#039;s packed with a recycled fill that delivers lightweight warmth. It features full zip fastening with a stand-up collar for personalised coverage, side pockets for easy access and a zippered pocket to the chest for your essentials. Finished with McKenzie branding to the chest. Machine washable. | Our model is 5&#039;11&quot; with a 38&quot; chest and wears a size medium.",20.0,http://schema.org/InStock,"https://i8.amplience.net/i/jpl/jd_630824_a?qlt=92&w=600&h=765&v=1&fmt=auto,https://i8.amplience.net/i/jpl/jd_630824_c?qlt=92&w=600&h=765&v=1&fmt=auto,https://i8.amplience.net/i/jpl/jd_630824_b?qlt=92&w=600&h=765&v=1&fmt=auto,https://i8.amplience.net/i/jpl/jd_630824_f?qlt=92&w=600&h=765&v=1&fmt=auto,https://i8.amplience.net/i/jpl/jd_630824_e?qlt=92&w=600&h=765&v=1&fmt=auto,https://i8.amplience.net/i/jpl/jd_630824_d?qlt=92&w=600&h=765&v=1&fmt=auto","XS,S,M,L",green,
https://m.jdsports.co.uk/product/grey-adidas-badge-of-sport-3-stripes-track-pants/16601431/,adidas Badge Of Sport 3-Stripes Track Pants,16601431,"Refresh your off-duty staples with these men&#039;s Badge Of Sport 3-Stripes Track Pants from adidas. In a Grey Marl colourway, these tapered pants are cut from fleecy poly fabric for a super smooth feel. They have a drawcord-adjustable waistband for custom comfort, cuffed ankles to show off your sneakers and side pockets for your essentials. With the 3-Stripes down each leg, these pants are finished up with a Badge of Sport to the left thigh. Machine washable. | Our model is 6&#039;1&quot; and wears a size medium.|HS3389P",20.0,http://schema.org/InStock,"https://i8.amplience.net/i/jpl/jd_649391_e?qlt=92&w=600&h=765&v=1&fmt=auto,https://i8.amplience.net/i/jpl/jd_649391_b?qlt=92&w=600&h=765&v=1&fmt=auto,https://i8.amplience.net/i/jpl/jd_649391_d?qlt=92&w=600&h=765&v=1&fmt=auto,https://i8.amplience.net/i/jpl/jd_649391_c?qlt=92&w=600&h=765&v=1&fmt=auto,https://i8.amplience.net/i/jpl/jd_649391_a?qlt=92&w=600&h=765&v=1&fmt=auto","S,M",grey,
https://m.jdsports.co.uk/product/red-puma-austria-2022-home-shirt/16499166/,Puma Austria 2022 Home Shirt,16499166,"Rep your side in this men&#039;s Austria 2022 Home Shirt by PUMA. Coming in a Red colourway, this shirt is cut from smooth, durable poly fabric with a lightweight feel for essential comfort. It&#039;s crafted with sweat-wicking dryCELL technology for cool wear, taking design cues from the pro kits for a game-ready look. Finished up with PUMA branding to the chest, alongside the iconic Austria crest. Machine washable.",20.0,http://schema.org/InStock,"https://i8.amplience.net/i/jpl/jd_527671_f?qlt=92&w=600&h=765&v=1&fmt=auto,https://i8.amplience.net/i/jpl/jd_527671_g?qlt=92&w=600&h=765&v=1&fmt=auto,https://i8.amplience.net/i/jpl/jd_527671_d?qlt=92&w=600&h=765&v=1&fmt=auto,https://i8.amplience.net/i/jpl/jd_527671_c?qlt=92&w=600&h=765&v=1&fmt=auto,https://i8.amplience.net/i/jpl/jd_527671_b?qlt=92&w=600&h=765&v=1&fmt=auto,https://i8.amplience.net/i/jpl/jd_527671_e?qlt=92&w=600&h=765&v=1&fmt=auto,https://i8.amplience.net/i/jpl/jd_527671_a?qlt=92&w=600&h=765&v=1&fmt=auto",S,red,
https://m.jdsports.co.uk/product/black-adidas-colombia-training-track-pants/16570423/,adidas Colombia Training Track Pants,16570423,"Stay sharp on the pitch with these men&#039;s Colombia Training Track Pants from adidas. In a Black colourway, these slim-fit track pants are made with a light but durable recycled poly fabric that uses AEROREADY tech to wick away moisture for cool comfort. They feature an elastic waistband for a supportive feel, a mesh gusset for added breathability and zippered side pockets for secure storage. Signed off with the Badge of Sport logo and Colombia crest to the thigh. Machine washable.|HD6408",20.0,http://schema.org/InStock,"https://i8.amplience.net/i/jpl/jd_563977_a?qlt=92&w=600&h=765&v=1&fmt=auto,https://i8.amplience.net/i/jpl/jd_563977_e?qlt=92&w=600&h=765&v=1&fmt=auto,https://i8.amplience.net/i/jpl/jd_563977_b?qlt=92&w=600&h=765&v=1&fmt=auto,https://i8.amplience.net/i/jpl/jd_563977_f?qlt=92&w=600&h=765&v=1&fmt=auto,https://i8.amplience.net/i/jpl/jd_563977_d?qlt=92&w=600&h=765&v=1&fmt=auto,https://i8.amplience.net/i/jpl/jd_563977_c?qlt=92&w=600&h=765&v=1&fmt=auto",XS,black,
https://m.jdsports.co.uk/product/blue-adidas-juventus-presentation-track-pants/16506167/,adidas Juventus Presentation Track Pants,16506167,"Rep your side in these men&#039;s Juventus Presentation Track Pants from adidas. Landing in a Mystery Blue colourway, these standard-fit track pants are made with smooth, lightweight poly fabric for lasting wear. Equipped with sweat-wicking AEROREADY tech, they feature a mid-rise elasticated waistband with a drawcord for a custom fit. They have slim, tapered legs with straight cuffs for a classic look, and zippered side pockets to stash the essentials. Finished with contrasting adidas 3-Stripes down the sides and Badge of Sport branding at the thigh, with a signature Juventus team badge to highlight your pride. Machine washable.|HA2629",20.0,http://schema.org/InStock,"https://i8.amplience.net/i/jpl/jd_638278_b?qlt=92&w=600&h=765&v=1&fmt=auto,https://i8.amplience.net/i/jpl/jd_638278_c?qlt=92&w=600&h=765&v=1&fmt=auto,https://i8.amplience.net/i/jpl/jd_638278_d?qlt=92&w=600&h=765&v=1&fmt=auto,https://i8.amplience.net/i/jpl/jd_638278_a?qlt=92&w=600&h=765&v=1&fmt=auto",XS,blue,
https://m.jdsports.co.uk/product/blue-adidas-sweden-dna-full-zip-hoodie/16552368/,adidas Sweden DNA Full Zip Hoodie,16552368,"Show your passion for the national football side with this men&#039;s Sweden DNA Full Zip Hoodie. In a Blue colourway, this regular-fit sweat is made from a soft cotton and recycled poly mix for snug comfort. It features a full zip front and a drawcord-adjustable hood for extra coverage, as well as ribbed trims to hold its structure. With a split kangaroo pocket to keep your hands cosy, this hoodie is finished off with a Badge of Sport and the Sweden crest to the chest. Machine washable.|HE1426",25.0,http://schema.org/InStock,"https://i8.amplience.net/i/jpl/jd_566911_a?qlt=92&w=600&h=765&v=1&fmt=auto,https://i8.amplience.net/i/jpl/jd_566911_d?qlt=92&w=600&h=765&v=1&fmt=auto,https://i8.amplience.net/i/jpl/jd_566911_b?qlt=92&w=600&h=765&v=1&fmt=auto,https://i8.amplience.net/i/jpl/jd_566911_c?qlt=92&w=600&h=765&v=1&fmt=auto,https://i8.amplience.net/i/jpl/jd_566911_e?qlt=92&w=600&h=765&v=1&fmt=auto",XS,blue,
https://m.jdsports.co.uk/product/black-adidas-match-football-track-pants/16471896/,adidas Match Football Track Pants,16471896,"From the pitch to the streets, sport the 3-Stripes in these men&#039;s Match Football Track Pants from adidas. Exclusive to JD, these standard-fit pants are made from smooth, recycled poly fabric. They come in a Black colourway and feature tapered legs with zipped cuffs for easy on and off over boots. With an elasticated waistband, these pants are finished up with zip pockets, contrasting 3-Stripes and adidas&#039; Badge of Sport logo to the thigh. Machine washable. | Our model is 6&#039;1&quot; and wears a size medium.|IC0385",20.0,http://schema.org/InStock,"https://i8.amplience.net/i/jpl/jd_558293_d?qlt=92&w=600&h=765&v=1&fmt=auto,https://i8.amplience.net/i/jpl/jd_558293_c?qlt=92&w=600&h=765&v=1&fmt=auto,https://i8.amplience.net/i/jpl/jd_558293_b?qlt=92&w=600&h=765&v=1&fmt=auto,https://i8.amplience.net/i/jpl/jd_558293_a?qlt=92&w=600&h=765&v=1&fmt=auto,https://i8.amplience.net/i/jpl/jd_558293_e?qlt=92&w=600&h=765&v=1&fmt=auto",S,black,
https://m.jdsports.co.uk/product/white-adidas-belgium-2022-away-shorts/16573021/,adidas Belgium 2022 Away Shorts,16573021,"Inspired by Tomorrowland, these men&#039;s Belgium 2022 Away Shorts from adidas let you back your side. Taking cues from the iconic firework displays, these standard-fit shorts are made from recycled poly fabric in a White colourway. They come with AEROREADY tech to wick away sweat, and feature an elasticated waistband for a custom fit. Finished up with signature adidas branding and the iconic Belgium crest. Machine washable.|HD9410",20.0,http://schema.org/InStock,"https://i8.amplience.net/i/jpl/jd_565091_c?qlt=92&w=600&h=765&v=1&fmt=auto,https://i8.amplience.net/i/jpl/jd_565091_d?qlt=92&w=600&h=765&v=1&fmt=auto,https://i8.amplience.net/i/jpl/jd_565091_b?qlt=92&w=600&h=765&v=1&fmt=auto,https://i8.amplience.net/i/jpl/jd_565091_a?qlt=92&w=600&h=765&v=1&fmt=auto",XL,white,
https://m.jdsports.co.uk/product/blue-hugo-logo-cap/16507951/,HUGO Logo Cap,16507951,"HUGO add an essence of luxury fashion and streetwear to the BOSS brand, providing modern designs with clean cuts and bold looks its clear to us why HUGO are a must have staple. They display this in their new collection which includes this Logo Cap which comes in a navy colourway and boasting a cotton-twill finish. Details: navy colourway, curved peak, six panel design, stitched eyelets, adjuster to the back, tonal stitching and HUGO branding in white completes._",20.0,http://schema.org/InStock,"https://i8.amplience.net/i/jpl/jd_575041_b?qlt=92&w=600&h=765&v=1&fmt=auto,https://i8.amplience.net/i/jpl/jd_575041_c?qlt=92&w=600&h=765&v=1&fmt=auto,https://i8.amplience.net/i/jpl/jd_575041_a?qlt=92&w=600&h=765&v=1&fmt=auto,https://i8.amplience.net/i/jpl/jd_575041_d?qlt=92&w=600&h=765&v=1&fmt=auto",One Size,blue,
https://m.jdsports.co.uk/product/black-puma-core-sportswear-joggers/16571987/,Puma Core Sportswear Joggers,16571987,"Kick back in sports-inspired style with these men&#039;s Core Sportswear Joggers from PUMA. In a Black colourway, these JD-exclusive joggers are cut from soft, fleecey fabric for snug comfort. They feature an elasticated, drawcord waistband for a relaxed fit you can adjust, with ribbed cuffs for a cosy feel and side pockets for storage. They have slim, tapered legs for a streamlined feel and are finished up with PUMA branding to the leg. Machine washable. | Our model 5&#039;11&quot; and wears a size medium.",20.0,http://schema.org/InStock,"https://i8.amplience.net/i/jpl/jd_573530_d?qlt=92&w=600&h=765&v=1&fmt=auto,https://i8.amplience.net/i/jpl/jd_573530_b?qlt=92&w=600&h=765&v=1&fmt=auto,https://i8.amplience.net/i/jpl/jd_573530_a?qlt=92&w=600&h=765&v=1&fmt=auto,https://i8.amplience.net/i/jpl/jd_573530_e?qlt=92&w=600&h=765&v=1&fmt=auto,https://i8.amplience.net/i/jpl/jd_573530_c?qlt=92&w=600&h=765&v=1&fmt=auto","XS,S,M",black,
https://m.jdsports.co.uk/product/green-levis-fade-stripe-t-shirt/19562348/,LEVI&#039;S Fade Stripe T-Shirt,19562348,"Fix up your essential style with this men&#039;s Fade Stripe T-Shirt from Levi&#039;s. In a Green colourway, this standard fit tee is cut from soft cotton fabric for everyday comfort. It features short sleeves with a ribbed crew neckline and is finished up with a small Levi&#039;s batwing logo to the chest. Machine washable | Our model is 6&#039;1&quot; with a 39&quot; chest and wears a size medium.",20.0,http://schema.org/InStock,"https://i8.amplience.net/i/jpl/jd_624757_c?qlt=92&w=600&h=765&v=1&fmt=auto,https://i8.amplience.net/i/jpl/jd_624757_e?qlt=92&w=600&h=765&v=1&fmt=auto,https://i8.amplience.net/i/jpl/jd_624757_b?qlt=92&w=600&h=765&v=1&fmt=auto,https://i8.amplience.net/i/jpl/jd_624757_a?qlt=92&w=600&h=765&v=1&fmt=auto,https://i8.amplience.net/i/jpl/jd_624757_d?qlt=92&w=600&h=765&v=1&fmt=auto","S,M,L,XL",green,
https://m.jdsports.co.uk/product/blue-nike-academy-23-woven-track-pants/17543464/,Nike Academy 23 Woven Track Pants,17543464,"Take your training up a gear with these men&#039;s Academy 23 Woven Track Pants from Nike. Landing in an Obsidian colourway, these lightweight track pants are cut from smooth, durable woven poly for lasting comfort. Equipped with sweat-wicking Dri-FIT tech and breathable mesh panels for cool, airy wear, they feature an elasticated drawcord waistband to customise the fit. With stretchy cuffed ankles for a secure feel, they have zippered side pockets to stash the essentials. Finished up with signature Nike branding to the thigh. Machine washable. | Our model is 6&#039;1&quot; and wears a size medium.",20.0,http://schema.org/InStock,"https://i8.amplience.net/i/jpl/jd_619804_c?qlt=92&w=600&h=765&v=1&fmt=auto,https://i8.amplience.net/i/jpl/jd_619804_d?qlt=92&w=600&h=765&v=1&fmt=auto,https://i8.amplience.net/i/jpl/jd_619804_a?qlt=92&w=600&h=765&v=1&fmt=auto,https://i8.amplience.net/i/jpl/jd_619804_b?qlt=92&w=600&h=765&v=1&fmt=auto","XS,S,M,L,XL,XXL",blue,
https://m.jdsports.co.uk/product/black-mckenzie-essential-zip-through-windbreaker-2/19273774/,McKenzie Essential Zip Through Windbreaker 2,19273774,"Stay covered when the weather dips with this men&#039;s Essential Zip Through Windbreaker 2 from McKenzie. In a Black colourway, this JD-exclusive coat is made from lightweight yet durable poly fabric. It has a full zip fastening, a raised neckline and a drawcord-adjustable hood, along with elasticated cuffs to keep out the cold. With side pockets, this jacket is finished off with contrasting McKenzie branding to the chest. Machine washable. | Our model is 5&#039;11&quot; with a 38&quot; chest and wears a size medium.",20.0,http://schema.org/InStock,"https://i8.amplience.net/i/jpl/jd_630880_b?qlt=92&w=600&h=765&v=1&fmt=auto,https://i8.amplience.net/i/jpl/jd_630880_c?qlt=92&w=600&h=765&v=1&fmt=auto,https://i8.amplience.net/i/jpl/jd_630880_a?qlt=92&w=600&h=765&v=1&fmt=auto,https://i8.amplience.net/i/jpl/jd_630880_d?qlt=92&w=600&h=765&v=1&fmt=auto","S,M,L,XL,XXL,XXXL,XXXXL",black,
https://m.jdsports.co.uk/product/black-levis-baby-tab-stripe-t-shirt/18926321/,LEVI&#039;S Baby Tab Stripe T-Shirt,18926321,"Level up your everyday looks with this men&#039;s Baby Tab Stripe T-Shirt from Levi&#039;s. Exclusive to JD, this standard-fit tee is made with soft, lightweight cotton for essential comfort. With a bold Black and Blue stripe design, it features a ribbed crew neckline and short sleeves for a classic cut. Finished up with signature Levi&#039;s branding to the chest. Machine washable. | Our model is 5&#039;11&quot; with a 38&quot; chest and wears a size medium.",20.0,http://schema.org/InStock,"https://i8.amplience.net/i/jpl/jd_624713_d?qlt=92&w=600&h=765&v=1&fmt=auto,https://i8.amplience.net/i/jpl/jd_624713_b?qlt=92&w=600&h=765&v=1&fmt=auto,https://i8.amplience.net/i/jpl/jd_624713_c?qlt=92&w=600&h=765&v=1&fmt=auto,https://i8.amplience.net/i/jpl/jd_624713_a?qlt=92&w=600&h=765&v=1&fmt=auto","XS,S,M,L,XL",black,
https://m.jdsports.co.uk/product/grey-nicce-peak-t-shirt/16542242/,Nicce Peak T-Shirt,16542242,"Level up on weekends in this men&#039;s Peak T-Shirt from Nicce. Made from heavyweight cotton for long-lasting comfort, this oversized tee has slightly dropped shoulders, roomy sleeves and a ribbed crew neck collar for a laidback fit. Coming in a grey colourway, this top is finished up with a debossed Nicce badge and a woven label to the side. Machine washable. | Our model is 5&#039;11&quot; with a 38&quot; chest and wears a size medium.",20.0,http://schema.org/InStock,"https://i8.amplience.net/i/jpl/jd_593488_b?qlt=92&w=600&h=765&v=1&fmt=auto,https://i8.amplience.net/i/jpl/jd_593488_c?qlt=92&w=600&h=765&v=1&fmt=auto,https://i8.amplience.net/i/jpl/jd_593488_e?qlt=92&w=600&h=765&v=1&fmt=auto,https://i8.amplience.net/i/jpl/jd_593488_d?qlt=92&w=600&h=765&v=1&fmt=auto,https://i8.amplience.net/i/jpl/jd_593488_a?qlt=92&w=600&h=765&v=1&fmt=auto","M,L",grey,
https://m.jdsports.co.uk/product/blue-nike-academy-23-woven-track-top/19273757/,Nike Academy 23 Woven Track Top,19273757,"Hit the pitch in this men&#039;s Academy 23 Woven Track Top from Nike. Landing in an Obsidian colourway, this training top is made with ultra-smooth woven poly fabric for lasting comfort. With an ultra-lightweight feel, it&#039;s equipped with sweat-wicking Dri-FIT tech with breathable mesh panels for a cool, ventilated feel. It features a full-length zipper with a mock collar for custom coverage, and cuffed sleeves for a secure, streamlined fit. With zippered pockets to stash the essentials, it&#039;s finished up with Nike branding to the chest. Machine washable. | Our model is 6&#039;1&quot; with a 38&quot; chest and wears a size medium.",20.0,http://schema.org/InStock,"https://i8.amplience.net/i/jpl/jd_619803_b?qlt=92&w=600&h=765&v=1&fmt=auto,https://i8.amplience.net/i/jpl/jd_619803_d?qlt=92&w=600&h=765&v=1&fmt=auto,https://i8.amplience.net/i/jpl/jd_619803_a?qlt=92&w=600&h=765&v=1&fmt=auto,https://i8.amplience.net/i/jpl/jd_619803_c?qlt=92&w=600&h=765&v=1&fmt=auto","XS,S,M,L",blue,
https://m.jdsports.co.uk/product/black-adidas-celtic-fc-dna-polo-shirt/16524472/,adidas Celtic FC DNA Polo Shirt,16524472,"Sharpen up your support at Celtic Park with this men&#039;s Celtic FC DNA Polo Shirt from adidas. In a black colourway, this regular-fit polo is made from durable cotton pique fabric for a super-smooth feel. It features a button-up placket and classic collar for custom comfort, while short sleeves and ribbed cuffs keep it tailored. Finished off with a Green Oxide Badge of Sport and the iconic Celtic FC crest to the chest. Machine washable.|HI3275",25.0,http://schema.org/InStock,"https://i8.amplience.net/i/jpl/jd_528268_c?qlt=92&w=600&h=765&v=1&fmt=auto,https://i8.amplience.net/i/jpl/jd_528268_b?qlt=92&w=600&h=765&v=1&fmt=auto,https://i8.amplience.net/i/jpl/jd_528268_a?qlt=92&w=600&h=765&v=1&fmt=auto,https://i8.amplience.net/i/jpl/jd_528268_d?qlt=92&w=600&h=765&v=1&fmt=auto","XS,S",black,
https://m.jdsports.co.uk/product/blue-puma-manchester-city-fc-t7-t-shirt/19287956/,Puma Manchester City FC T7 T-Shirt,19287956,"Rep some old school style on matchday with this men&#039;s Manchester City FC T7 T-Shirt from PUMA. In a Parisian Night colourway, this standard fit tee is cut from soft, stretchy cotton fabric for total comfort. It features short sleeves with a ribbed crew neckline and is finished up with the PUMA logo and City crest to the chest. Machine washable.",20.0,http://schema.org/InStock,"https://i8.amplience.net/i/jpl/jd_615765_a?qlt=92&w=600&h=765&v=1&fmt=auto,https://i8.amplience.net/i/jpl/jd_615765_c?qlt=92&w=600&h=765&v=1&fmt=auto,https://i8.amplience.net/i/jpl/jd_615765_b?qlt=92&w=600&h=765&v=1&fmt=auto,https://i8.amplience.net/i/jpl/jd_615765_d?qlt=92&w=600&h=765&v=1&fmt=auto","S,M,L,XL,XXL",blue,
https://m.jdsports.co.uk/product/grey-vans-mn-full-patch-snapback/16712235/,Vans MN FULL PATCH SNAPBACK,16712235,Product DetailsOuter Material: 100% CottonUpper Material: - Not used,20.0,http://schema.org/InStock,"https://i8.amplience.net/i/jpl/jd_VN000QPUHTG1_c?qlt=92&w=600&h=765&v=1&fmt=auto,https://i8.amplience.net/i/jpl/jd_VN000QPUHTG1_b?qlt=92&w=600&h=765&v=1&fmt=auto,https://i8.amplience.net/i/jpl/jd_VN000QPUHTG1_a?qlt=92&w=600&h=765&v=1&fmt=auto",OS,grey,
https://m.jdsports.co.uk/product/black-jordan-long-sleeve-t-shirt/16476295/,Jordan Long Sleeve T-Shirt,16476295,"Pay homage to the GOAT in this men&#039;s Long Sleeve T-Shirt from Jordan. In a Black colourway, this standard-fit tee is made from soft cotton fabric for durable comfort. It features a classic crew neckline and long sleeves with ribbed cuffs. With &#039;85 to the sleeve, this T-shirt is finished up with a Jordan Jumpman logo and Jordan branding to the back. Machine washable. | Our model is 5&#039;11&quot; with a 38&quot; chest and wears a size medium.",25.0,http://schema.org/InStock,"https://i8.amplience.net/i/jpl/jd_597680_d?qlt=92&w=600&h=765&v=1&fmt=auto,https://i8.amplience.net/i/jpl/jd_597680_b?qlt=92&w=600&h=765&v=1&fmt=auto,https://i8.amplience.net/i/jpl/jd_597680_e?qlt=92&w=600&h=765&v=1&fmt=auto,https://i8.amplience.net/i/jpl/jd_597680_c?qlt=92&w=600&h=765&v=1&fmt=auto,https://i8.amplience.net/i/jpl/jd_597680_a?qlt=92&w=600&h=765&v=1&fmt=auto",S,black,
https://m.jdsports.co.uk/product/grey-nike-academy-essential-track-pants/16509181/,Nike Academy Essential Track Pants,16509181,"Get prepped for the pitch with these men&#039;s Academy Essential Track Pants from Nike. Landing in a Smoke Grey colourway, these training track pants are cut from smooth, lightweight recycled poly fabric for lasting comfort. Equipped with sweat-wicking Dri-FIT tech, they have an elasticated waistband with a drawcord to adjust the fit. They have slim, tapered legs for a streamlined feel, and ankle zips for easy on-off over your cleats. With side pockets to stash your stuff, they&#039;re finished up with signature Nike branding at the thigh. Machine washable. | Our model is 6&#039;0&quot; and wears a size medium.",25.0,http://schema.org/InStock,"https://i8.amplience.net/i/jpl/jd_554256_c?qlt=92&w=600&h=765&v=1&fmt=auto,https://i8.amplience.net/i/jpl/jd_554256_d?qlt=92&w=600&h=765&v=1&fmt=auto,https://i8.amplience.net/i/jpl/jd_554256_a?qlt=92&w=600&h=765&v=1&fmt=auto,https://i8.amplience.net/i/jpl/jd_554256_b?qlt=92&w=600&h=765&v=1&fmt=auto",M,grey,
https://m.jdsports.co.uk/product/black-hoodrich-og-splitter-mini-bag/16716665/,Hoodrich OG Splitter Mini Bag,16716665,"Keep your essentials secure with this OG Splitter Mini Bag from Hoodrich. In a Black colourway, this grip bag is made from durable ripstop fabric for long-lasting use. It features an adjustable strap buckle fastening for a versatile wear, as well as front and main zippered pockets to stash your street staples. Finished off with contrasting Hoodrich branding to the front and strap.",20.0,http://schema.org/InStock,"https://i8.amplience.net/i/jpl/jd_600472_e?qlt=92&w=600&h=765&v=1&fmt=auto,https://i8.amplience.net/i/jpl/jd_600472_f?qlt=92&w=600&h=765&v=1&fmt=auto,https://i8.amplience.net/i/jpl/jd_600472_b?qlt=92&w=600&h=765&v=1&fmt=auto,https://i8.amplience.net/i/jpl/jd_600472_d?qlt=92&w=600&h=765&v=1&fmt=auto,https://i8.amplience.net/i/jpl/jd_600472_c?qlt=92&w=600&h=765&v=1&fmt=auto,https://i8.amplience.net/i/jpl/jd_600472_a?qlt=92&w=600&h=765&v=1&fmt=auto",One Size,black,
https://m.jdsports.co.uk/product/black-adidas-belgium-dna-graphic-t-shirt/16573117/,adidas Belgium DNA Graphic T-Shirt,16573117,"Refresh your support for the Red Devils with this men&#039;s Belgium DNA Graphic T-Shirt from adidas. In a Black colourway, this regular-fit tee is made from soft cotton fabric for lightweight, all-day comfort. It has a ribbed crew neckline and short sleeves for a classic cut. Finished off with the signature Badge of Sport and the iconic Belgium crest. Machine washable.|HE1435",20.0,http://schema.org/InStock,"https://i8.amplience.net/i/jpl/jd_563839_a?qlt=92&w=600&h=765&v=1&fmt=auto,https://i8.amplience.net/i/jpl/jd_563839_c?qlt=92&w=600&h=765&v=1&fmt=auto,https://i8.amplience.net/i/jpl/jd_563839_b?qlt=92&w=600&h=765&v=1&fmt=auto,https://i8.amplience.net/i/jpl/jd_563839_d?qlt=92&w=600&h=765&v=1&fmt=auto",M,black,
https://m.jdsports.co.uk/product/turquoise-adidas-juventus-presentation-jacket/16561469/,adidas Juventus Presentation Jacket,16561469,"Support your side from the pitch to the stands with this men&#039;s Juventus Presentation Jacket from adidas. In an Active Teal colourway, this slim-build top is made from lightweight yet durable recycled poly fabric. It&#039;s built with sweat-wicking AEROREADY tech to keep you cool when the game heats up, while the full zip front and stand-up collar offer custom coverage. With elasticated trims and zippered pockets to stash your essentials, this jacket is finished off with contrasting adidas branding and the iconic Juventus crest to the chest. Machine washable. | Our model is 6&#039;0&quot; with a 35&quot; chest and wears a size medium.|HA2644",20.0,http://schema.org/InStock,"https://i8.amplience.net/i/jpl/jd_638280_b?qlt=92&w=600&h=765&v=1&fmt=auto,https://i8.amplience.net/i/jpl/jd_638280_c?qlt=92&w=600&h=765&v=1&fmt=auto,https://i8.amplience.net/i/jpl/jd_638280_d?qlt=92&w=600&h=765&v=1&fmt=auto,https://i8.amplience.net/i/jpl/jd_638280_a?qlt=92&w=600&h=765&v=1&fmt=auto","XS,S,M,L",turquoise,
https://m.jdsports.co.uk/product/orange-napapijri-bolivar-back-print/19358607/,Napapijri Bolivar Back Print,19358607,"Level up your look with this men&#039;s Bolivar Back Print T-Shirt from Napapijri. In a bold Orange colourway, this regular-fit tee is made from soft cotton fabric for a laidback feel. It features a crew neckline and short sleeves. With a small logo to the chest, this T-shirt is finished up with a geographic print to the back. Machine washable.",20.0,http://schema.org/InStock,"https://i8.amplience.net/i/jpl/jd_622811_c?qlt=92&w=600&h=765&v=1&fmt=auto,https://i8.amplience.net/i/jpl/jd_622811_b?qlt=92&w=600&h=765&v=1&fmt=auto,https://i8.amplience.net/i/jpl/jd_622811_e?qlt=92&w=600&h=765&v=1&fmt=auto,https://i8.amplience.net/i/jpl/jd_622811_d?qlt=92&w=600&h=765&v=1&fmt=auto,https://i8.amplience.net/i/jpl/jd_622811_a?qlt=92&w=600&h=765&v=1&fmt=auto",S,orange,
https://m.jdsports.co.uk/product/black-nike-therma-fit-360-neck-warmer/17414375/,Nike Therma-FIT 360 Neck Warmer,17414375,"Keep off the cold with this men&#039;s Therma-FIT 360 Neck Warmer from Nike. In a Black colourway, this snood is cut from light, stretchy polyester for a comfy wear. It&#039;s breathable and features sweat-wicking tech to keep you dry, with body-regulating Therma-FIT built-in to keep you extra warm. Finished up with signature Swoosh branding.",20.0,http://schema.org/InStock,"https://i8.amplience.net/i/jpl/jd_572474_b?qlt=92&w=600&h=765&v=1&fmt=auto,https://i8.amplience.net/i/jpl/jd_572474_c?qlt=92&w=600&h=765&v=1&fmt=auto,https://i8.amplience.net/i/jpl/jd_572474_a?qlt=92&w=600&h=765&v=1&fmt=auto",XL,black,
https://m.jdsports.co.uk/product/blue-puma-olympique-marseille-training-shorts/16536797/,Puma Olympique Marseille Training Shorts,16536797,"Show your support from the training pitch with these men&#039;s Olympique Marseille Training Shorts from PUMA. In a Limoges Blue colourway, these standard fit shorts are cut from light, breathable poly fabric for cool comfort as you level up your game. They feature an elasticated, drawcord waistband for an adjustable fit and are equipped with dryCELL sweat-wicking tech to keep you dry and fresh. They have side pockets for your essentials and are finished up with the PUMA logo and Marseille crest to the leg. Machine washable. | Our model is 5&#039;10&quot; and wears a size medium.",20.0,http://schema.org/InStock,"https://i8.amplience.net/i/jpl/jd_527981_a?qlt=92&w=600&h=765&v=1&fmt=auto,https://i8.amplience.net/i/jpl/jd_527981_c?qlt=92&w=600&h=765&v=1&fmt=auto,https://i8.amplience.net/i/jpl/jd_527981_b?qlt=92&w=600&h=765&v=1&fmt=auto,https://i8.amplience.net/i/jpl/jd_527981_d?qlt=92&w=600&h=765&v=1&fmt=auto,https://i8.amplience.net/i/jpl/jd_527981_e?qlt=92&w=600&h=765&v=1&fmt=auto","XS,S",blue,
https://m.jdsports.co.uk/product/black-vans-boxed-structured-jockey/19040277/,Vans BOXED STRUCTURED JOCKEY,19040277,Product DetailsOuter Material: 100% Cotton,20.0,http://schema.org/InStock,"https://i8.amplience.net/i/jpl/jd_VN0A7SCZBLK1_c?qlt=92&w=600&h=765&v=1&fmt=auto,https://i8.amplience.net/i/jpl/jd_VN0A7SCZBLK1_b?qlt=92&w=600&h=765&v=1&fmt=auto,https://i8.amplience.net/i/jpl/jd_VN0A7SCZBLK1_a?qlt=92&w=600&h=765&v=1&fmt=auto",OS,black,
https://m.jdsports.co.uk/product/blue-puma-olympique-marseille-t7-t-shirt/19359071/,Puma Olympique Marseille T7 T-Shirt,19359071,"Show your pride for your side with this men&#039;s Olympique Marseille T7 T-Shirt from PUMA. Coming in a Blue colourway, this regular-fit tee is made from a soft and stretchy cotton fabric for easy wear. It features a crew neckline with short sleeves for a classic look and is signed off with the OM badge and PUMA logo to the chest. Machine washable. | Our model is 5&#039;11&quot; with a 38&quot; chest and wears a size medium.",20.0,http://schema.org/InStock,"https://i8.amplience.net/i/jpl/jd_615809_d?qlt=92&w=600&h=765&v=1&fmt=auto,https://i8.amplience.net/i/jpl/jd_615809_c?qlt=92&w=600&h=765&v=1&fmt=auto,https://i8.amplience.net/i/jpl/jd_615809_b?qlt=92&w=600&h=765&v=1&fmt=auto,https://i8.amplience.net/i/jpl/jd_615809_a?qlt=92&w=600&h=765&v=1&fmt=auto","XS,S,M,L,XL,XXL",blue,
https://m.jdsports.co.uk/product/blue-adidas-manchester-united-fc-training-shirt/16487123/,adidas Manchester United FC Training Shirt,16487123,"Train like the pros in this men&#039;s Manchester United FC Training Shirt from adidas. Coming in a Crew Blue colourway, this slim-fit shirt is made with smooth recycled poly for essential comfort on the pitch. It&#039;s made with sweat-wicking AEROREADY tech, with mesh panels for added breathability. It features a ribbed V neckline and short sleeves for a game-ready look, and is signed off with classic adidas branding and the legendary MUFC crest to the chest. Machine washable. | Our model is 6&#039;0&quot; with a 40&quot; chest and wears a size medium.|HH9316",20.0,http://schema.org/InStock,"https://i8.amplience.net/i/jpl/jd_533421_b?qlt=92&w=600&h=765&v=1&fmt=auto,https://i8.amplience.net/i/jpl/jd_533421_a?qlt=92&w=600&h=765&v=1&fmt=auto,https://i8.amplience.net/i/jpl/jd_533421_e?qlt=92&w=600&h=765&v=1&fmt=auto,https://i8.amplience.net/i/jpl/jd_533421_d?qlt=92&w=600&h=765&v=1&fmt=auto,https://i8.amplience.net/i/jpl/jd_533421_c?qlt=92&w=600&h=765&v=1&fmt=auto",L,blue,
https://m.jdsports.co.uk/product/grey-mckenzie-reward-2-cargo-pants/18462980/,McKenzie Reward 2 Cargo Pants,18462980,"Refresh your look with these men&#039;s Reward Cargo Pants from McKenzie. Exclusive to JD, these standard-fit pants are made from a durable poly-cotton blend with woven nylon overlays. They come in a Grey colourway and feature tapered cuffs and an elasticated waistband for a custom fit. With side pockets and a cargo pocket to the thigh, these pants are finished up with McKenzie branding. Machine washable. | Our model is 6&#039;0&quot; and wears a size medium.",20.0,http://schema.org/InStock,"https://i8.amplience.net/i/jpl/jd_630777_b?qlt=92&w=600&h=765&v=1&fmt=auto,https://i8.amplience.net/i/jpl/jd_630777_c?qlt=92&w=600&h=765&v=1&fmt=auto,https://i8.amplience.net/i/jpl/jd_630777_a?qlt=92&w=600&h=765&v=1&fmt=auto,https://i8.amplience.net/i/jpl/jd_630777_d?qlt=92&w=600&h=765&v=1&fmt=auto","S,XXL",grey,
https://m.jdsports.co.uk/product/grey-adidas-badge-of-sport-3-stripes-hoodie/16600953/,adidas Badge of Sport 3-Stripes Hoodie,16600953,"From the gym to the sofa, layer up in this men&#039;s Badge of Sport 3-Stripes Hoodie from adidas. In a Grey Marl colourway, this sporty hoodie is made from smooth poly fabric for fleecy comfort. It has a full zip fastening, a drawcord hood and ribbed trims for added coverage. With side pockets to keep your essentials, this hoodie is signed off with the 3-Stripes down the sleeves and a Badge of Sport at the chest. Machine washable. | Our model is 6&#039;2&quot; with a 37.5&quot; chest and wears a size medium.|HS3389H",20.0,http://schema.org/InStock,"https://i8.amplience.net/i/jpl/jd_649390_d?qlt=92&w=600&h=765&v=1&fmt=auto,https://i8.amplience.net/i/jpl/jd_649390_c?qlt=92&w=600&h=765&v=1&fmt=auto,https://i8.amplience.net/i/jpl/jd_649390_b?qlt=92&w=600&h=765&v=1&fmt=auto,https://i8.amplience.net/i/jpl/jd_649390_a?qlt=92&w=600&h=765&v=1&fmt=auto","S,M",grey,
https://m.jdsports.co.uk/product/green-adidas-celtic-fc-training-polo-shirt/16507846/,adidas Celtic FC Training Polo Shirt,16507846,"Back the Bhoys on the pitch in this men&#039;s Celtic FC Training Polo Shirt from adidas. In a Green Oxide colourway, this regular-fit polo is cut from a smooth, durable blend of cotton and recycled poly. Crafted with sweat-wicking AEROREADY tech, it features a spread collar and short sleeves for a classic look, and is finished up with signature adidas branding throughout. Signed off with the iconic Celtic FC crest to the chest. Machine washable.|HA5427",20.0,http://schema.org/InStock,"https://i8.amplience.net/i/jpl/jd_528249_e?qlt=92&w=600&h=765&v=1&fmt=auto,https://i8.amplience.net/i/jpl/jd_528249_b?qlt=92&w=600&h=765&v=1&fmt=auto,https://i8.amplience.net/i/jpl/jd_528249_d?qlt=92&w=600&h=765&v=1&fmt=auto,https://i8.amplience.net/i/jpl/jd_528249_c?qlt=92&w=600&h=765&v=1&fmt=auto,https://i8.amplience.net/i/jpl/jd_528249_a?qlt=92&w=600&h=765&v=1&fmt=auto","XS,S,M",green,
https://m.jdsports.co.uk/product/black-puma-core-sportswear-crew-sweatshirt/16580827/,Puma Core Sportswear Crew Sweatshirt,16580827,"Top up your off-duty essentials with this men&#039;s Core Sportswear Crew Sweatshirt from PUMA. In a Black colourway, this JD-exclusive jumper is made from a fleecy cotton and poly mix for a comfy fit. Cut with a crew neckline, long sleeves and ribbed detailing to the collar, cuffs and hem, this hoodie is finished off with PUMA Cat branding printed to the chest. Machine washable. | Our model is 6&#039;3&quot; with a 38&quot; chest and wears a size medium.",25.0,http://schema.org/InStock,"https://i8.amplience.net/i/jpl/jd_573515_a?qlt=92&w=600&h=765&v=1&fmt=auto,https://i8.amplience.net/i/jpl/jd_573515_b?qlt=92&w=600&h=765&v=1&fmt=auto,https://i8.amplience.net/i/jpl/jd_573515_d?qlt=92&w=600&h=765&v=1&fmt=auto,https://i8.amplience.net/i/jpl/jd_573515_c?qlt=92&w=600&h=765&v=1&fmt=auto","XS,S,M",black,
https://m.jdsports.co.uk/product/green-adidas-fulham-fc-202223-away-shorts/16548250/,adidas Fulham FC 2022/23 Away Shorts,16548250,"Gear up for the pitch in these men&#039;s Fulham FC 2022/23 Away Shorts from adidas. Landing in a Green colourway, these standard-fit shorts are made with smooth, lightweight poly fabric for lasting comfort. Taking design cues from the pros, they&#039;re crafted with sweat-wicking tech and feature an elasticated waistband with a drawcord to adjust the fit. Finished up with classic adidas branding and a signature Fulham FC crest. Machine washable. | Our model is 6&#039;0&quot; and wears a size medium.|ADI00711",20.0,http://schema.org/InStock,"https://i8.amplience.net/i/jpl/jd_622965_d?qlt=92&w=600&h=765&v=1&fmt=auto,https://i8.amplience.net/i/jpl/jd_622965_b?qlt=92&w=600&h=765&v=1&fmt=auto,https://i8.amplience.net/i/jpl/jd_622965_c?qlt=92&w=600&h=765&v=1&fmt=auto,https://i8.amplience.net/i/jpl/jd_622965_a?qlt=92&w=600&h=765&v=1&fmt=auto,https://i8.amplience.net/i/jpl/jd_622965_e?qlt=92&w=600&h=765&v=1&fmt=auto","S,M",green,
https://m.jdsports.co.uk/product/blue-the-north-face-simple-dome-t-shirt/16453529/,The North Face Simple Dome T-Shirt,16453529,"From the peaks to the pavement, update your essentials with this men&#039;s Simple Dome T-Shirt from The North Face. In a blue colourway, this regular-fit tee is made from soft yet durable cotton fabric for lightweight comfort. It features a ribbed crew collar and short sleeves for a classic look. Finished off with white Simple Dome logos to the chest and back. Machine washable. | Our model is 6&#039;1&quot; with a 37.5&quot; chest and wears a size medium.",20.0,http://schema.org/InStock,"https://i8.amplience.net/i/jpl/jd_503986_c?qlt=92&w=600&h=765&v=1&fmt=auto,https://i8.amplience.net/i/jpl/jd_503986_d?qlt=92&w=600&h=765&v=1&fmt=auto,https://i8.amplience.net/i/jpl/jd_503986_a?qlt=92&w=600&h=765&v=1&fmt=auto,https://i8.amplience.net/i/jpl/jd_503986_b?qlt=92&w=600&h=765&v=1&fmt=auto,https://i8.amplience.net/i/jpl/jd_503986_e?qlt=92&w=600&h=765&v=1&fmt=auto","XS,M,L",blue,
https://m.jdsports.co.uk/product/pink-adidas-celtic-fc-202122-gk-third-shorts/16186684/,adidas Celtic FC 2021/22 GK Third Shorts,16186684,"Show off your handling skills on the pitch with these men&#039;s Celtic FC 2021/22 Goalkeeper Third Shorts from adidas. In a Solar Pink colourway that&#039;s sure to distract strikers, these regular-fit shorts are made from recycled Primegreen poly fabric. Built with AEROREADY tech for cool comfort on every wear, they feature an elasticated waistband with adjustable drawcords for a secure fit. With 3-Stripes to the sides, these shorts are finished with a Badge Of Sport logo and the legendary Four Leaf Clover crest to the thigh. Machine washable.",25.0,http://schema.org/InStock,"https://i8.amplience.net/i/jpl/jd_445611_b?qlt=92&w=600&h=765&v=1&fmt=auto,https://i8.amplience.net/i/jpl/jd_445611_a?qlt=92&w=600&h=765&v=1&fmt=auto,https://i8.amplience.net/i/jpl/jd_445611_c?qlt=92&w=600&h=765&v=1&fmt=auto,https://i8.amplience.net/i/jpl/jd_445611_e?qlt=92&w=600&h=765&v=1&fmt=auto,https://i8.amplience.net/i/jpl/jd_445611_d?qlt=92&w=600&h=765&v=1&fmt=auto","XS,L,XL,XXL",pink,
https://m.jdsports.co.uk/product/blue-adidas-sweden-training-pants/16552375/,adidas Sweden Training Pants,16552375,"Freshen up your skills with these men&#039;s Sweden Training Pants from adidas. In a Navy colourway, these slim-build pants have a high-rise, elasticated waistband for a custom fit, while tapered legs provide streamlined style. They&#039;re made from smooth recycled poly fabric, with AEROREADY tech that wicks sweat from the skin for cool and dry comfort. These pants are finished off with zippered side pockets for your essentials, a Badge of Sport logo and the Sweden crest to each thigh. Machine washable.|HD8990",20.0,http://schema.org/InStock,"https://i8.amplience.net/i/jpl/jd_566909_c?qlt=92&w=600&h=765&v=1&fmt=auto,https://i8.amplience.net/i/jpl/jd_566909_b?qlt=92&w=600&h=765&v=1&fmt=auto,https://i8.amplience.net/i/jpl/jd_566909_f?qlt=92&w=600&h=765&v=1&fmt=auto,https://i8.amplience.net/i/jpl/jd_566909_a?qlt=92&w=600&h=765&v=1&fmt=auto,https://i8.amplience.net/i/jpl/jd_566909_e?qlt=92&w=600&h=765&v=1&fmt=auto,https://i8.amplience.net/i/jpl/jd_566909_d?qlt=92&w=600&h=765&v=1&fmt=auto",XS,blue,
https://m.jdsports.co.uk/product/black-jordan-nba-boston-celtics-long-sleeve-t-shirt/16898512/,Jordan NBA Boston Celtics Long Sleeve T-Shirt,16898512,"Rep the GOAT and your side with this men&#039;s NBA Boston Celtics Long Sleeve T-Shirt from Jordan. In a Black colourway, this tee is cut from a light and soft cotton fabric for everyday wear. It features a crew neckline with dropped shoulders and long sleeves for a relaxed feel. Signed off with Jordan and Celtics branding to the front. Machine washable. | Our model is 6&#039;1&quot; with a 37.5&quot; chest and wears a size medium.",20.0,http://schema.org/InStock,"https://i8.amplience.net/i/jpl/jd_592326_e?qlt=92&w=600&h=765&v=1&fmt=auto,https://i8.amplience.net/i/jpl/jd_592326_d?qlt=92&w=600&h=765&v=1&fmt=auto,https://i8.amplience.net/i/jpl/jd_592326_b?qlt=92&w=600&h=765&v=1&fmt=auto,https://i8.amplience.net/i/jpl/jd_592326_c?qlt=92&w=600&h=765&v=1&fmt=auto,https://i8.amplience.net/i/jpl/jd_592326_a?qlt=92&w=600&h=765&v=1&fmt=auto",M,black,
https://m.jdsports.co.uk/product/blue-nike-repeat-swoosh-t-shirt/19500065/,Nike Repeat Swoosh T-Shirt,19500065,"Cop an essential look with this men&#039;s Repeat Swoosh T-Shirt from Nike. Coming in a Game Royal colourway, this regular-fit tee is cut from a soft and breathable cotton fabric for comfy wear. It features a crew neckline with short sleeves for a classic look and is signed off with the Swoosh to the chest. Machine washable. | Our model is 6&#039;0&quot; with a 40&quot; chest and wears a size medium.",20.0,http://schema.org/InStock,"https://i8.amplience.net/i/jpl/jd_646681_c?qlt=92&w=600&h=765&v=1&fmt=auto,https://i8.amplience.net/i/jpl/jd_646681_b?qlt=92&w=600&h=765&v=1&fmt=auto,https://i8.amplience.net/i/jpl/jd_646681_a?qlt=92&w=600&h=765&v=1&fmt=auto,https://i8.amplience.net/i/jpl/jd_646681_d?qlt=92&w=600&h=765&v=1&fmt=auto,https://i8.amplience.net/i/jpl/jd_646681_e?qlt=92&w=600&h=765&v=1&fmt=auto","XS,S,M",blue,
https://m.jdsports.co.uk/product/grey-adidas-manchester-united-fc-training-track-pants/16491951/,adidas Manchester United FC Training Track Pants,16491951,"Perfect your technique with these men&#039;s Manchester United FC Training Track Pants from adidas. In a Carbon colourway, these slim fit track pants are cut from a light but durable Primegreen fabric that&#039;s equipped with AEROREADY tech for cool comfort. They feature an elastic drawcord waistband for an adjustable fit and zippered side pockets for storing your essentials. Signed off with the Badge of Sport and Manchester United crest to the thighs. Machine washable.|IB8986",25.0,http://schema.org/InStock,"https://i8.amplience.net/i/jpl/jd_568792_e?qlt=92&w=600&h=765&v=1&fmt=auto,https://i8.amplience.net/i/jpl/jd_568792_d?qlt=92&w=600&h=765&v=1&fmt=auto,https://i8.amplience.net/i/jpl/jd_568792_b?qlt=92&w=600&h=765&v=1&fmt=auto,https://i8.amplience.net/i/jpl/jd_568792_c?qlt=92&w=600&h=765&v=1&fmt=auto,https://i8.amplience.net/i/jpl/jd_568792_a?qlt=92&w=600&h=765&v=1&fmt=auto,https://i8.amplience.net/i/jpl/jd_568792_f?qlt=92&w=600&h=765&v=1&fmt=auto",S,grey,
https://m.jdsports.co.uk/product/blue-adidas-argentina-training-track-pants/16552000/,adidas Argentina Training Track Pants,16552000,"Get set for international football with these men&#039;s Argentina Training Track Pants from adidas. These slim fit track pants come in a Night Indigo colourway and are built with a recycled Primegreen fabric that&#039;s lightweight, durable and has a smooth feel for comfortable wear. They feature an elastic waistband with a drawcord for an adjustable fit and have zippered side pockets to secure your essentials. Equipped with AEROREADY tech to absorb moisture to keep you cool, they&#039;re signed off with the Badge of Sport logo and Argentina crest to the thigh. Machine washable.|HF3914",20.0,http://schema.org/InStock,"https://i8.amplience.net/i/jpl/jd_563966_f?qlt=92&w=600&h=765&v=1&fmt=auto,https://i8.amplience.net/i/jpl/jd_563966_b?qlt=92&w=600&h=765&v=1&fmt=auto,https://i8.amplience.net/i/jpl/jd_563966_a?qlt=92&w=600&h=765&v=1&fmt=auto,https://i8.amplience.net/i/jpl/jd_563966_d?qlt=92&w=600&h=765&v=1&fmt=auto,https://i8.amplience.net/i/jpl/jd_563966_c?qlt=92&w=600&h=765&v=1&fmt=auto,https://i8.amplience.net/i/jpl/jd_563966_e?qlt=92&w=600&h=765&v=1&fmt=auto",XXL,blue,
